[{"id":1,"maker":"Audi","model":"RS4","year":2007},
{"id":2,"maker":"Acura","model":"Integra","year":1999},
{"id":3,"maker":"Ford","model":"F-Series","year":1987},
{"id":4,"maker":"GMC","model":"Acadia","year":2010},
{"id":5,"maker":"Mercury","model":"Topaz","year":1989},
{"id":6,"maker":"Hyundai","model":"Santa Fe","year":2004},
{"id":7,"maker":"Dodge","model":"Ram 2500","year":2005},
{"id":8,"maker":"GMC","model":"Suburban 1500","year":1993},
{"id":9,"maker":"GMC","model":"Savana 3500","year":2011},
{"id":10,"maker":"Chevrolet","model":"Caprice","year":1995},
{"id":11,"maker":"Mitsubishi","model":"Eclipse","year":2008},
{"id":12,"maker":"Hyundai","model":"Genesis","year":2010},
{"id":13,"maker":"Mitsubishi","model":"Eclipse","year":2012},
{"id":14,"maker":"Chevrolet","model":"Express 3500","year":2007},
{"id":15,"maker":"Mazda","model":"MPV","year":1993},
{"id":16,"maker":"Buick","model":"Regal","year":1993},
{"id":17,"maker":"Ford","model":"Explorer","year":2010},
{"id":18,"maker":"Mercury","model":"Sable","year":1996},
{"id":19,"maker":"Oldsmobile","model":"Silhouette","year":2002},
{"id":20,"maker":"Volkswagen","model":"Eurovan","year":1997},
{"id":21,"maker":"Volvo","model":"S60","year":2012},
{"id":22,"maker":"Nissan","model":"Sentra","year":2010},
{"id":23,"maker":"Acura","model":"Legend","year":1987},
{"id":24,"maker":"Suzuki","model":"Grand Vitara","year":2006},
{"id":25,"maker":"Porsche","model":"911","year":1998},
{"id":26,"maker":"Toyota","model":"Avalon","year":2004},
{"id":27,"maker":"Acura","model":"MDX","year":2002},
{"id":28,"maker":"Ford","model":"Econoline E150","year":1998},
{"id":29,"maker":"Chrysler","model":"Concorde","year":1994},
{"id":30,"maker":"Honda","model":"CR-X","year":1985},
{"id":31,"maker":"Suzuki","model":"Swift","year":1995},
{"id":32,"maker":"Acura","model":"RDX","year":2007},
{"id":33,"maker":"Toyota","model":"Previa","year":1991},
{"id":34,"maker":"Chrysler","model":"Aspen","year":2007},
{"id":35,"maker":"Audi","model":"TT","year":2000},
{"id":36,"maker":"Ford","model":"E250","year":2008},
{"id":37,"maker":"Audi","model":"100","year":1992},
{"id":38,"maker":"Mitsubishi","model":"Tundra","year":2009},
{"id":39,"maker":"Mercedes-Benz","model":"300SD","year":1992},
{"id":40,"maker":"Honda","model":"Accord","year":2007},
{"id":41,"maker":"Chevrolet","model":"Suburban 2500","year":2008},
{"id":42,"maker":"Dodge","model":"Dakota Club","year":2004},
{"id":43,"maker":"GMC","model":"Yukon","year":1995},
{"id":44,"maker":"Chevrolet","model":"Camaro","year":1981},
{"id":45,"maker":"Buick","model":"Rainier","year":2004},
{"id":46,"maker":"Buick","model":"LeSabre","year":1998},
{"id":47,"maker":"Chevrolet","model":"Uplander","year":2007},
{"id":48,"maker":"Toyota","model":"Celica","year":2005},
{"id":49,"maker":"Subaru","model":"Impreza","year":2007},
{"id":50,"maker":"Chrysler","model":"Sebring","year":2000},
{"id":51,"maker":"Dodge","model":"Ram 2500","year":1998},
{"id":52,"maker":"Infiniti","model":"G","year":1999},
{"id":53,"maker":"Mazda","model":"MPV","year":2004},
{"id":54,"maker":"Mitsubishi","model":"Pajero","year":1993},
{"id":55,"maker":"Buick","model":"Park Avenue","year":2001},
{"id":56,"maker":"Oldsmobile","model":"Cutlass","year":1999},
{"id":57,"maker":"Panoz","model":"Esperante","year":2006},
{"id":58,"maker":"Volkswagen","model":"Jetta","year":1999},
{"id":59,"maker":"Volvo","model":"S40","year":2008},
{"id":60,"maker":"Oldsmobile","model":"Achieva","year":1996},
{"id":61,"maker":"Subaru","model":"XT","year":1985},
{"id":62,"maker":"Chevrolet","model":"Astro","year":2002},
{"id":63,"maker":"Ford","model":"E-Series","year":2005},
{"id":64,"maker":"Pontiac","model":"G5","year":2007},
{"id":65,"maker":"Ford","model":"Expedition","year":2011},
{"id":66,"maker":"Geo","model":"Tracker","year":1992},
{"id":67,"maker":"Toyota","model":"Sequoia","year":2007},
{"id":68,"maker":"Chevrolet","model":"Traverse","year":2011},
{"id":69,"maker":"Volvo","model":"S80","year":2000},
{"id":70,"maker":"Land Rover","model":"Range Rover","year":1999},
{"id":71,"maker":"Mazda","model":"Tribute","year":2009},
{"id":72,"maker":"Ford","model":"Taurus","year":2011},
{"id":73,"maker":"Ford","model":"Expedition","year":2006},
{"id":74,"maker":"Pontiac","model":"Firebird","year":1990},
{"id":75,"maker":"Mitsubishi","model":"Mirage","year":1985},
{"id":76,"maker":"Mazda","model":"Mazdaspeed 3","year":2009},
{"id":77,"maker":"Mercury","model":"Villager","year":1997},
{"id":78,"maker":"Spyker","model":"C8 Double 12 S","year":2006},
{"id":79,"maker":"Mazda","model":"MX-3","year":1996},
{"id":80,"maker":"Nissan","model":"350Z","year":2005},
{"id":81,"maker":"Chevrolet","model":"S10 Blazer","year":1992},
{"id":82,"maker":"Dodge","model":"Colt","year":1989},
{"id":83,"maker":"Toyota","model":"Land Cruiser","year":1995},
{"id":84,"maker":"Audi","model":"Coupe Quattro","year":1991},
{"id":85,"maker":"Lexus","model":"IS","year":2012},
{"id":86,"maker":"Oldsmobile","model":"Achieva","year":1998},
{"id":87,"maker":"Bentley","model":"Continental Flying Spur","year":2012},
{"id":88,"maker":"Dodge","model":"Ram Van B150","year":1992},
{"id":89,"maker":"Honda","model":"Ridgeline","year":2011},
{"id":90,"maker":"GMC","model":"3500","year":1998},
{"id":91,"maker":"Mercedes-Benz","model":"SL-Class","year":2006},
{"id":92,"maker":"Honda","model":"del Sol","year":1996},
{"id":93,"maker":"Pontiac","model":"Montana","year":2002},
{"id":94,"maker":"Audi","model":"Cabriolet","year":1998},
{"id":95,"maker":"Volkswagen","model":"Touareg","year":2006},
{"id":96,"maker":"Subaru","model":"XT","year":1987},
{"id":97,"maker":"Mitsubishi","model":"Montero Sport","year":1998},
{"id":98,"maker":"Pontiac","model":"LeMans","year":1988},
{"id":99,"maker":"Lotus","model":"Esprit","year":1994},
{"id":100,"maker":"GMC","model":"Yukon","year":1998},
{"id":101,"maker":"Cadillac","model":"DeVille","year":1997},
{"id":102,"maker":"Mercedes-Benz","model":"W126","year":1981},
{"id":103,"maker":"BMW","model":"7 Series","year":2005},
{"id":104,"maker":"Lincoln","model":"Blackwood","year":2003},
{"id":105,"maker":"Kia","model":"Rio","year":2004},
{"id":106,"maker":"Toyota","model":"Previa","year":1993},
{"id":107,"maker":"GMC","model":"Yukon","year":1994},
{"id":108,"maker":"BMW","model":"M3","year":2004},
{"id":109,"maker":"Jaguar","model":"S-Type","year":2007},
{"id":110,"maker":"Acura","model":"Integra","year":1993},
{"id":111,"maker":"Jeep","model":"Cherokee","year":1993},
{"id":112,"maker":"Cadillac","model":"Eldorado","year":2002},
{"id":113,"maker":"Saturn","model":"Outlook","year":2010},
{"id":114,"maker":"Toyota","model":"MR2","year":1994},
{"id":115,"maker":"Audi","model":"Q7","year":2011},
{"id":116,"maker":"Ford","model":"Mustang","year":1969},
{"id":117,"maker":"Mercury","model":"Milan","year":2009},
{"id":118,"maker":"Lexus","model":"CT","year":2011},
{"id":119,"maker":"Cadillac","model":"CTS","year":2003},
{"id":120,"maker":"Dodge","model":"Durango","year":2008},
{"id":121,"maker":"MINI","model":"Cooper","year":2004},
{"id":122,"maker":"Lexus","model":"SC","year":2006},
{"id":123,"maker":"Cadillac","model":"CTS","year":2003},
{"id":124,"maker":"Toyota","model":"Land Cruiser","year":1997},
{"id":125,"maker":"Mazda","model":"Protege","year":2001},
{"id":126,"maker":"Subaru","model":"Legacy","year":2010},
{"id":127,"maker":"Saturn","model":"VUE","year":2005},
{"id":128,"maker":"Mazda","model":"CX-7","year":2007},
{"id":129,"maker":"Oldsmobile","model":"Cutlass Supreme","year":1996},
{"id":130,"maker":"Ford","model":"F250","year":2006},
{"id":131,"maker":"Mitsubishi","model":"RVR","year":1994},
{"id":132,"maker":"Oldsmobile","model":"Achieva","year":1996},
{"id":133,"maker":"Toyota","model":"Highlander","year":2011},
{"id":134,"maker":"Ford","model":"Escort","year":1994},
{"id":135,"maker":"Toyota","model":"Tundra","year":2007},
{"id":136,"maker":"Chevrolet","model":"Tahoe","year":2012},
{"id":137,"maker":"Chrysler","model":"PT Cruiser","year":2007},
{"id":138,"maker":"Mazda","model":"Familia","year":1987},
{"id":139,"maker":"Mercedes-Benz","model":"GL-Class","year":2011},
{"id":140,"maker":"BMW","model":"525","year":2003},
{"id":141,"maker":"Honda","model":"Civic","year":2006},
{"id":142,"maker":"Mazda","model":"MX-6","year":1988},
{"id":143,"maker":"Land Rover","model":"Range Rover","year":1992},
{"id":144,"maker":"Volkswagen","model":"Type 2","year":1985},
{"id":145,"maker":"Mazda","model":"B-Series Plus","year":1996},
{"id":146,"maker":"Dodge","model":"Viper RT/10","year":1994},
{"id":147,"maker":"Infiniti","model":"QX","year":2008},
{"id":148,"maker":"Subaru","model":"Outback","year":2009},
{"id":149,"maker":"Mitsubishi","model":"Pajero","year":1992},
{"id":150,"maker":"Jeep","model":"Grand Cherokee","year":2005},
{"id":151,"maker":"Nissan","model":"Versa","year":2009},
{"id":152,"maker":"Jeep","model":"Grand Cherokee","year":2005},
{"id":153,"maker":"Lexus","model":"GX","year":2009},
{"id":154,"maker":"Subaru","model":"Leone","year":1988},
{"id":155,"maker":"Chevrolet","model":"Express 2500","year":1996},
{"id":156,"maker":"Chevrolet","model":"Cavalier","year":2002},
{"id":157,"maker":"Volkswagen","model":"Touareg 2","year":2008},
{"id":158,"maker":"Pontiac","model":"Aztek","year":2002},
{"id":159,"maker":"Nissan","model":"Sentra","year":1997},
{"id":160,"maker":"Ford","model":"Econoline E350","year":1993},
{"id":161,"maker":"Acura","model":"Vigor","year":1992},
{"id":162,"maker":"Mitsubishi","model":"Lancer Evolution","year":2011},
{"id":163,"maker":"Mercury","model":"Mountaineer","year":2009},
{"id":164,"maker":"Volvo","model":"XC90","year":2008},
{"id":165,"maker":"Honda","model":"Insight","year":2010},
{"id":166,"maker":"Infiniti","model":"M","year":2007},
{"id":167,"maker":"Mazda","model":"323","year":1994},
{"id":168,"maker":"Pontiac","model":"Grand Am","year":1999},
{"id":169,"maker":"Cadillac","model":"DTS","year":2009},
{"id":170,"maker":"GMC","model":"Vandura G3500","year":1995},
{"id":171,"maker":"Pontiac","model":"Grand Prix Turbo","year":1990},
{"id":172,"maker":"Mitsubishi","model":"Pajero","year":1988},
{"id":173,"maker":"Pontiac","model":"Grand Prix","year":1991},
{"id":174,"maker":"Hummer","model":"H3","year":2009},
{"id":175,"maker":"Chrysler","model":"Town & Country","year":2003},
{"id":176,"maker":"Buick","model":"LeSabre","year":1995},
{"id":177,"maker":"GMC","model":"Safari","year":2002},
{"id":178,"maker":"Honda","model":"Element","year":2008},
{"id":179,"maker":"Subaru","model":"Impreza","year":2006},
{"id":180,"maker":"Mercedes-Benz","model":"300SL","year":1992},
{"id":181,"maker":"Jaguar","model":"S-Type","year":2006},
{"id":182,"maker":"Chevrolet","model":"Corsica","year":1993},
{"id":183,"maker":"Toyota","model":"Land Cruiser","year":1996},
{"id":184,"maker":"GMC","model":"3500","year":1999},
{"id":185,"maker":"Suzuki","model":"Samurai","year":1994},
{"id":186,"maker":"GMC","model":"Sierra 2500","year":2009},
{"id":187,"maker":"BMW","model":"5 Series","year":1995},
{"id":188,"maker":"Buick","model":"Century","year":2002},
{"id":189,"maker":"Porsche","model":"Boxster","year":2004},
{"id":190,"maker":"Volkswagen","model":"GTI","year":1990},
{"id":191,"maker":"Pontiac","model":"G8","year":2009},
{"id":192,"maker":"Plymouth","model":"Voyager","year":1993},
{"id":193,"maker":"Chevrolet","model":"Cobalt SS","year":2009},
{"id":194,"maker":"Mercedes-Benz","model":"CL-Class","year":2004},
{"id":195,"maker":"Buick","model":"Skyhawk","year":1988},
{"id":196,"maker":"Infiniti","model":"QX56","year":2009},
{"id":197,"maker":"Lincoln","model":"Town Car","year":2004},
{"id":198,"maker":"Lincoln","model":"Town Car","year":1998},
{"id":199,"maker":"Mitsubishi","model":"Outlander","year":2012},
{"id":200,"maker":"Pontiac","model":"Montana","year":2002},
{"id":201,"maker":"Cadillac","model":"CTS","year":2005},
{"id":202,"maker":"Volvo","model":"V70","year":2007},
{"id":203,"maker":"Chevrolet","model":"Caprice","year":1994},
{"id":204,"maker":"Saab","model":"9-5","year":2009},
{"id":205,"maker":"Audi","model":"A4","year":1996},
{"id":206,"maker":"GMC","model":"Yukon XL 2500","year":2003},
{"id":207,"maker":"GMC","model":"Savana 3500","year":2004},
{"id":208,"maker":"Nissan","model":"Pathfinder","year":2000},
{"id":209,"maker":"Honda","model":"Accord","year":1997},
{"id":210,"maker":"Saturn","model":"S-Series","year":2001},
{"id":211,"maker":"Pontiac","model":"Grand Prix","year":1984},
{"id":212,"maker":"Lexus","model":"ES","year":2001},
{"id":213,"maker":"Cadillac","model":"Fleetwood","year":1954},
{"id":214,"maker":"Acura","model":"RL","year":2012},
{"id":215,"maker":"Dodge","model":"Stratus","year":1997},
{"id":216,"maker":"Scion","model":"tC","year":2010},
{"id":217,"maker":"Dodge","model":"Ram 1500 Club","year":1996},
{"id":218,"maker":"Audi","model":"A6","year":1998},
{"id":219,"maker":"Dodge","model":"Monaco","year":1992},
{"id":220,"maker":"Saab","model":"900","year":1984},
{"id":221,"maker":"Lotus","model":"Elan","year":1992},
{"id":222,"maker":"Ford","model":"Bronco","year":1990},
{"id":223,"maker":"Ford","model":"Bronco","year":1988},
{"id":224,"maker":"Mitsubishi","model":"Lancer","year":2012},
{"id":225,"maker":"Toyota","model":"Highlander","year":2005},
{"id":226,"maker":"Pontiac","model":"Torrent","year":2007},
{"id":227,"maker":"Chevrolet","model":"Blazer","year":1994},
{"id":228,"maker":"Dodge","model":"Durango","year":2011},
{"id":229,"maker":"Audi","model":"90","year":1991},
{"id":230,"maker":"Ford","model":"Taurus","year":2000},
{"id":231,"maker":"Nissan","model":"Leaf","year":2012},
{"id":232,"maker":"Nissan","model":"Sentra","year":1999},
{"id":233,"maker":"Dodge","model":"Intrepid","year":1993},
{"id":234,"maker":"Bentley","model":"Mulsanne","year":2012},
{"id":235,"maker":"GMC","model":"Envoy","year":2006},
{"id":236,"maker":"GMC","model":"Sierra 2500HD","year":2006},
{"id":237,"maker":"Chevrolet","model":"Aveo","year":2008},
{"id":238,"maker":"BMW","model":"5 Series","year":2009},
{"id":239,"maker":"Subaru","model":"Legacy","year":1992},
{"id":240,"maker":"Ford","model":"Econoline E150","year":1992},
{"id":241,"maker":"Audi","model":"100","year":1992},
{"id":242,"maker":"Ford","model":"F250","year":1995},
{"id":243,"maker":"Toyota","model":"Corolla","year":2008},
{"id":244,"maker":"Pontiac","model":"Montana","year":2001},
{"id":245,"maker":"Suzuki","model":"Esteem","year":2001},
{"id":246,"maker":"Honda","model":"Accord","year":1992},
{"id":247,"maker":"Chevrolet","model":"Lumina","year":1995},
{"id":248,"maker":"GMC","model":"Suburban 2500","year":1994},
{"id":249,"maker":"Audi","model":"S4","year":2001},
{"id":250,"maker":"Ford","model":"Mustang","year":1992},
{"id":251,"maker":"Mercury","model":"Cougar","year":1991},
{"id":252,"maker":"Lexus","model":"GS","year":2004},
{"id":253,"maker":"Chevrolet","model":"Cavalier","year":2005},
{"id":254,"maker":"Dodge","model":"Viper","year":2001},
{"id":255,"maker":"Jeep","model":"Wrangler","year":2005},
{"id":256,"maker":"Buick","model":"Park Avenue","year":2002},
{"id":257,"maker":"Dodge","model":"Dakota","year":2003},
{"id":258,"maker":"Ford","model":"Expedition","year":2011},
{"id":259,"maker":"Volvo","model":"V40","year":2001},
{"id":260,"maker":"Oldsmobile","model":"Achieva","year":1992},
{"id":261,"maker":"Ford","model":"F250","year":2010},
{"id":262,"maker":"Volkswagen","model":"GTI","year":2008},
{"id":263,"maker":"Porsche","model":"Cayenne","year":2005},
{"id":264,"maker":"Mercury","model":"Mountaineer","year":1998},
{"id":265,"maker":"Lexus","model":"IS","year":2012},
{"id":266,"maker":"Geo","model":"Prizm","year":1997},
{"id":267,"maker":"Ford","model":"Mustang","year":2004},
{"id":268,"maker":"Lotus","model":"Esprit","year":1993},
{"id":269,"maker":"Chevrolet","model":"SSR","year":2006},
{"id":270,"maker":"Bentley","model":"Continental GTC","year":2012},
{"id":271,"maker":"GMC","model":"Sierra 1500","year":2007},
{"id":272,"maker":"Toyota","model":"Previa","year":1995},
{"id":273,"maker":"Subaru","model":"Legacy","year":2004},
{"id":274,"maker":"Chevrolet","model":"Traverse","year":2012},
{"id":275,"maker":"Saturn","model":"VUE","year":2009},
{"id":276,"maker":"Ford","model":"Explorer Sport Trac","year":2008},
{"id":277,"maker":"Nissan","model":"Altima","year":1994},
{"id":278,"maker":"Hyundai","model":"Excel","year":1992},
{"id":279,"maker":"Ford","model":"Fairlane","year":1966},
{"id":280,"maker":"Chevrolet","model":"Suburban 1500","year":2009},
{"id":281,"maker":"Mitsubishi","model":"Cordia","year":1985},
{"id":282,"maker":"Dodge","model":"Magnum","year":2007},
{"id":283,"maker":"Saturn","model":"S-Series","year":2002},
{"id":284,"maker":"Nissan","model":"Xterra","year":2004},
{"id":285,"maker":"Mazda","model":"MX-3","year":1995},
{"id":286,"maker":"Chevrolet","model":"Express 2500","year":2010},
{"id":287,"maker":"Buick","model":"Park Avenue","year":2000},
{"id":288,"maker":"Lincoln","model":"Mark VIII","year":1994},
{"id":289,"maker":"Audi","model":"S4","year":1993},
{"id":290,"maker":"Infiniti","model":"G37","year":2008},
{"id":291,"maker":"GMC","model":"Acadia","year":2012},
{"id":292,"maker":"Mercedes-Benz","model":"Sprinter 3500","year":2012},
{"id":293,"maker":"Mazda","model":"Familia","year":1991},
{"id":294,"maker":"Ford","model":"Thunderbird","year":1980},
{"id":295,"maker":"Buick","model":"Century","year":1987},
{"id":296,"maker":"BMW","model":"Z4 M Roadster","year":2009},
{"id":297,"maker":"Nissan","model":"Titan","year":2011},
{"id":298,"maker":"Nissan","model":"Armada","year":2006},
{"id":299,"maker":"Chevrolet","model":"Corvette","year":1961},
{"id":300,"maker":"Chevrolet","model":"Blazer","year":1995},
{"id":301,"maker":"Saab","model":"9000","year":1999},
{"id":302,"maker":"Mitsubishi","model":"Starion","year":1989},
{"id":303,"maker":"Saturn","model":"S-Series","year":1992},
{"id":304,"maker":"BMW","model":"Z3","year":1999},
{"id":305,"maker":"Mercedes-Benz","model":"CL-Class","year":2006},
{"id":306,"maker":"Mercury","model":"Mariner","year":2006},
{"id":307,"maker":"Mercury","model":"Monterey","year":2006},
{"id":308,"maker":"Jaguar","model":"XJ Series","year":2005},
{"id":309,"maker":"Pontiac","model":"GTO","year":2004},
{"id":310,"maker":"Lexus","model":"SC","year":2010},
{"id":311,"maker":"Jeep","model":"Wrangler","year":2002},
{"id":312,"maker":"Mitsubishi","model":"Eclipse","year":1997},
{"id":313,"maker":"Suzuki","model":"Daewoo Lacetti","year":2005},
{"id":314,"maker":"Toyota","model":"RAV4","year":2009},
{"id":315,"maker":"Mercedes-Benz","model":"CLK-Class","year":2000},
{"id":316,"maker":"Toyota","model":"Corolla","year":2010},
{"id":317,"maker":"BMW","model":"X5 M","year":2011},
{"id":318,"maker":"GMC","model":"Envoy XUV","year":2004},
{"id":319,"maker":"Toyota","model":"Sienna","year":2010},
{"id":320,"maker":"Toyota","model":"Camry","year":1999},
{"id":321,"maker":"Chrysler","model":"Cirrus","year":1996},
{"id":322,"maker":"Hyundai","model":"Sonata","year":2007},
{"id":323,"maker":"Pontiac","model":"Grand Prix","year":1968},
{"id":324,"maker":"Toyota","model":"Yaris","year":2007},
{"id":325,"maker":"Hyundai","model":"Tucson","year":2012},
{"id":326,"maker":"Lexus","model":"RX","year":2002},
{"id":327,"maker":"Dodge","model":"Ram 3500","year":2005},
{"id":328,"maker":"Chevrolet","model":"G-Series G10","year":1992},
{"id":329,"maker":"Plymouth","model":"Acclaim","year":1993},
{"id":330,"maker":"Buick","model":"Skyhawk","year":1986},
{"id":331,"maker":"Toyota","model":"Highlander","year":2004},
{"id":332,"maker":"Dodge","model":"Dakota","year":1992},
{"id":333,"maker":"Audi","model":"90","year":1990},
{"id":334,"maker":"Mitsubishi","model":"Chariot","year":1996},
{"id":335,"maker":"Jeep","model":"Wrangler","year":2006},
{"id":336,"maker":"Plymouth","model":"Acclaim","year":1993},
{"id":337,"maker":"Toyota","model":"MR2","year":1986},
{"id":338,"maker":"GMC","model":"Jimmy","year":1999},
{"id":339,"maker":"Chevrolet","model":"Camaro","year":1995},
{"id":340,"maker":"Dodge","model":"Ram 1500","year":2009},
{"id":341,"maker":"Lincoln","model":"Navigator","year":1998},
{"id":342,"maker":"Nissan","model":"Maxima","year":2011},
{"id":343,"maker":"BMW","model":"3 Series","year":2000},
{"id":344,"maker":"Dodge","model":"Grand Caravan","year":2009},
{"id":345,"maker":"Mercury","model":"Milan","year":2007},
{"id":346,"maker":"Cadillac","model":"Escalade ESV","year":2011},
{"id":347,"maker":"Isuzu","model":"Rodeo","year":1994},
{"id":348,"maker":"Chevrolet","model":"Lumina","year":2000},
{"id":349,"maker":"Saturn","model":"Sky","year":2007},
{"id":350,"maker":"Jeep","model":"Wrangler","year":1992},
{"id":351,"maker":"Subaru","model":"Tribeca","year":2008},
{"id":352,"maker":"Toyota","model":"Truck Xtracab SR5","year":1989},
{"id":353,"maker":"Mazda","model":"MPV","year":2006},
{"id":354,"maker":"Toyota","model":"Echo","year":2004},
{"id":355,"maker":"Buick","model":"Riviera","year":1987},
{"id":356,"maker":"GMC","model":"Yukon XL 2500","year":2000},
{"id":357,"maker":"Plymouth","model":"Acclaim","year":1995},
{"id":358,"maker":"Chevrolet","model":"Impala","year":2000},
{"id":359,"maker":"Porsche","model":"911","year":2006},
{"id":360,"maker":"Chevrolet","model":"Malibu","year":2013},
{"id":361,"maker":"Maserati","model":"228","year":1989},
{"id":362,"maker":"Chevrolet","model":"Suburban 1500","year":2006},
{"id":363,"maker":"Ford","model":"Ranger","year":1988},
{"id":364,"maker":"Toyota","model":"Tacoma Xtra","year":1995},
{"id":365,"maker":"Audi","model":"A6","year":1997},
{"id":366,"maker":"Isuzu","model":"Rodeo","year":2004},
{"id":367,"maker":"Subaru","model":"XT","year":1986},
{"id":368,"maker":"Infiniti","model":"QX","year":2001},
{"id":369,"maker":"Pontiac","model":"Grand Am","year":1997},
{"id":370,"maker":"Isuzu","model":"Space","year":1992},
{"id":371,"maker":"Hummer","model":"H1","year":1999},
{"id":372,"maker":"Mercedes-Benz","model":"GL-Class","year":2010},
{"id":373,"maker":"Audi","model":"TT","year":2009},
{"id":374,"maker":"Mitsubishi","model":"Diamante","year":2001},
{"id":375,"maker":"Ford","model":"LTD Crown Victoria","year":1988},
{"id":376,"maker":"Maserati","model":"Spyder","year":1991},
{"id":377,"maker":"Mitsubishi","model":"Precis","year":1992},
{"id":378,"maker":"Honda","model":"Odyssey","year":1997},
{"id":379,"maker":"Dodge","model":"Daytona","year":1993},
{"id":380,"maker":"Audi","model":"90","year":1993},
{"id":381,"maker":"Chevrolet","model":"Caprice","year":1992},
{"id":382,"maker":"Mercedes-Benz","model":"E-Class","year":1995},
{"id":383,"maker":"Ford","model":"Edge","year":2011},
{"id":384,"maker":"Porsche","model":"944","year":1988},
{"id":385,"maker":"Dodge","model":"Magnum","year":2006},
{"id":386,"maker":"Chevrolet","model":"Aveo","year":2007},
{"id":387,"maker":"Subaru","model":"Impreza","year":2011},
{"id":388,"maker":"Buick","model":"Rainier","year":2007},
{"id":389,"maker":"BMW","model":"7 Series","year":2010},
{"id":390,"maker":"Mazda","model":"Mazda3","year":2007},
{"id":391,"maker":"Nissan","model":"Sentra","year":2007},
{"id":392,"maker":"BMW","model":"5 Series","year":2012},
{"id":393,"maker":"Ford","model":"Ranger","year":1990},
{"id":394,"maker":"Lexus","model":"LS","year":2008},
{"id":395,"maker":"Porsche","model":"911","year":1998},
{"id":396,"maker":"Ford","model":"Bronco II","year":1990},
{"id":397,"maker":"Pontiac","model":"G5","year":2008},
{"id":398,"maker":"Lotus","model":"Elise","year":2008},
{"id":399,"maker":"Mercury","model":"Sable","year":1988},
{"id":400,"maker":"Buick","model":"Century","year":1991},
{"id":401,"maker":"Toyota","model":"Land Cruiser","year":2008},
{"id":402,"maker":"BMW","model":"600","year":1959},
{"id":403,"maker":"Mitsubishi","model":"Pajero","year":1995},
{"id":404,"maker":"Mercury","model":"Cougar","year":1994},
{"id":405,"maker":"Ford","model":"F250","year":1997},
{"id":406,"maker":"Buick","model":"Skyhawk","year":1986},
{"id":407,"maker":"Dodge","model":"Ram 2500","year":2007},
{"id":408,"maker":"Plymouth","model":"Neon","year":1996},
{"id":409,"maker":"Volvo","model":"XC70","year":2009},
{"id":410,"maker":"Chevrolet","model":"Silverado 1500","year":2011},
{"id":411,"maker":"Toyota","model":"Matrix","year":2011},
{"id":412,"maker":"Toyota","model":"Camry","year":1998},
{"id":413,"maker":"Mazda","model":"Millenia","year":2000},
{"id":414,"maker":"Aston Martin","model":"DBS","year":2010},
{"id":415,"maker":"Chevrolet","model":"G-Series G30","year":1993},
{"id":416,"maker":"Saab","model":"9-7X","year":2007},
{"id":417,"maker":"Oldsmobile","model":"Bravada","year":1999},
{"id":418,"maker":"Chevrolet","model":"Malibu Maxx","year":2006},
{"id":419,"maker":"Volvo","model":"V50","year":2010},
{"id":420,"maker":"Mercedes-Benz","model":"SLK-Class","year":2005},
{"id":421,"maker":"Saturn","model":"L-Series","year":2001},
{"id":422,"maker":"Pontiac","model":"Aztek","year":2004},
{"id":423,"maker":"Lexus","model":"LS Hybrid","year":2011},
{"id":424,"maker":"Ram","model":"3500","year":2011},
{"id":425,"maker":"Suzuki","model":"SJ","year":1986},
{"id":426,"maker":"Nissan","model":"Versa","year":2010},
{"id":427,"maker":"Infiniti","model":"QX56","year":2012},
{"id":428,"maker":"Mazda","model":"Millenia","year":1996},
{"id":429,"maker":"Subaru","model":"Impreza","year":2006},
{"id":430,"maker":"Lincoln","model":"Town Car","year":2002},
{"id":431,"maker":"BMW","model":"M Roadster","year":2006},
{"id":432,"maker":"Geo","model":"Tracker","year":1996},
{"id":433,"maker":"Chevrolet","model":"Camaro","year":2001},
{"id":434,"maker":"GMC","model":"Safari","year":1994},
{"id":435,"maker":"Buick","model":"Electra","year":1988},
{"id":436,"maker":"Ford","model":"Thunderbird","year":1992},
{"id":437,"maker":"Mitsubishi","model":"Endeavor","year":2009},
{"id":438,"maker":"Mercedes-Benz","model":"GL-Class","year":2010},
{"id":439,"maker":"Toyota","model":"Sequoia","year":2011},
{"id":440,"maker":"Honda","model":"Accord","year":1999},
{"id":441,"maker":"Saab","model":"9-3","year":2006},
{"id":442,"maker":"Mitsubishi","model":"Pajero","year":2006},
{"id":443,"maker":"Mazda","model":"B-Series","year":1998},
{"id":444,"maker":"GMC","model":"Yukon","year":2013},
{"id":445,"maker":"Volkswagen","model":"Passat","year":2004},
{"id":446,"maker":"Chevrolet","model":"Astro","year":1997},
{"id":447,"maker":"Mercury","model":"Sable","year":1994},
{"id":448,"maker":"Chevrolet","model":"Venture","year":2002},
{"id":449,"maker":"Mercury","model":"Grand Marquis","year":1985},
{"id":450,"maker":"Dodge","model":"Viper","year":2001},
{"id":451,"maker":"Isuzu","model":"Trooper","year":1993},
{"id":452,"maker":"Mercedes-Benz","model":"W201","year":1987},
{"id":453,"maker":"Ford","model":"Fusion","year":2007},
{"id":454,"maker":"GMC","model":"Envoy","year":1998},
{"id":455,"maker":"Buick","model":"Park Avenue","year":1999},
{"id":456,"maker":"Cadillac","model":"Catera","year":1999},
{"id":457,"maker":"Chevrolet","model":"Sportvan G30","year":1994},
{"id":458,"maker":"Chevrolet","model":"TrailBlazer","year":2008},
{"id":459,"maker":"Toyota","model":"Celica","year":1996},
{"id":460,"maker":"Chrysler","model":"New Yorker","year":1995},
{"id":461,"maker":"Cadillac","model":"CTS-V","year":2012},
{"id":462,"maker":"Mercury","model":"Topaz","year":1989},
{"id":463,"maker":"GMC","model":"Vandura G3500","year":1995},
{"id":464,"maker":"BMW","model":"545","year":2004},
{"id":465,"maker":"Chevrolet","model":"Cobalt","year":2009},
{"id":466,"maker":"Mitsubishi","model":"Montero","year":2001},
{"id":467,"maker":"Volkswagen","model":"Jetta III","year":1993},
{"id":468,"maker":"Kia","model":"Spectra","year":2007},
{"id":469,"maker":"Porsche","model":"911","year":1986},
{"id":470,"maker":"Aptera","model":"2e","year":2009},
{"id":471,"maker":"Buick","model":"Verano","year":2012},
{"id":472,"maker":"Toyota","model":"Celica","year":1997},
{"id":473,"maker":"Mitsubishi","model":"Galant","year":1988},
{"id":474,"maker":"Nissan","model":"Maxima","year":1999},
{"id":475,"maker":"Dodge","model":"Grand Caravan","year":2007},
{"id":476,"maker":"Chrysler","model":"Concorde","year":2003},
{"id":477,"maker":"Lexus","model":"CT","year":2011},
{"id":478,"maker":"GMC","model":"3500 Club Coupe","year":1997},
{"id":479,"maker":"Ford","model":"Focus","year":2001},
{"id":480,"maker":"Smart","model":"Fortwo","year":2009},
{"id":481,"maker":"Audi","model":"Coupe GT","year":1986},
{"id":482,"maker":"Audi","model":"80","year":1991},
{"id":483,"maker":"Toyota","model":"4Runner","year":2008},
{"id":484,"maker":"MINI","model":"Cooper Clubman","year":2008},
{"id":485,"maker":"Infiniti","model":"G","year":2005},
{"id":486,"maker":"Ford","model":"Contour","year":1996},
{"id":487,"maker":"Honda","model":"Odyssey","year":1998},
{"id":488,"maker":"GMC","model":"Canyon","year":2004},
{"id":489,"maker":"Mitsubishi","model":"Starion","year":1988},
{"id":490,"maker":"Land Rover","model":"Range Rover","year":1997},
{"id":491,"maker":"Dodge","model":"Ram 3500 Club","year":1995},
{"id":492,"maker":"Infiniti","model":"QX","year":1997},
{"id":493,"maker":"Subaru","model":"Tribeca","year":2007},
{"id":494,"maker":"Mitsubishi","model":"Galant","year":1996},
{"id":495,"maker":"Acura","model":"Integra","year":1997},
{"id":496,"maker":"BMW","model":"Alpina B7","year":2008},
{"id":497,"maker":"Nissan","model":"Pathfinder","year":2005},
{"id":498,"maker":"Geo","model":"Storm","year":1992},
{"id":499,"maker":"Suzuki","model":"Vitara","year":2001},
{"id":500,"maker":"Audi","model":"90","year":1994},
{"id":501,"maker":"Volkswagen","model":"Passat","year":1992},
{"id":502,"maker":"Mazda","model":"Mazda5","year":2007},
{"id":503,"maker":"Mitsubishi","model":"Galant","year":1984},
{"id":504,"maker":"Kia","model":"Borrego","year":2009},
{"id":505,"maker":"Cadillac","model":"CTS-V","year":2006},
{"id":506,"maker":"Honda","model":"Accord","year":2004},
{"id":507,"maker":"Ford","model":"Econoline E250","year":1998},
{"id":508,"maker":"Lincoln","model":"Mark LT","year":2006},
{"id":509,"maker":"Dodge","model":"Ram 1500","year":2001},
{"id":510,"maker":"Nissan","model":"240SX","year":1998},
{"id":511,"maker":"Mercury","model":"Cougar","year":1986},
{"id":512,"maker":"Lexus","model":"IS","year":2001},
{"id":513,"maker":"Chevrolet","model":"Corvette","year":1961},
{"id":514,"maker":"Chevrolet","model":"HHR Panel","year":2006},
{"id":515,"maker":"Mitsubishi","model":"Chariot","year":1990},
{"id":516,"maker":"Land Rover","model":"Discovery","year":2011},
{"id":517,"maker":"Mitsubishi","model":"GTO","year":1994},
{"id":518,"maker":"Infiniti","model":"G","year":2010},
{"id":519,"maker":"Dodge","model":"Ram 2500 Club","year":1998},
{"id":520,"maker":"Chevrolet","model":"Metro","year":2000},
{"id":521,"maker":"Chevrolet","model":"Volt","year":2012},
{"id":522,"maker":"Jensen","model":"Interceptor","year":1966},
{"id":523,"maker":"Saab","model":"900","year":1994},
{"id":524,"maker":"Plymouth","model":"Voyager","year":1992},
{"id":525,"maker":"Chevrolet","model":"Suburban","year":2006},
{"id":526,"maker":"Pontiac","model":"Grand Prix","year":1971},
{"id":527,"maker":"Infiniti","model":"FX","year":2005},
{"id":528,"maker":"Lexus","model":"RX","year":2011},
{"id":529,"maker":"Nissan","model":"Frontier","year":2002},
{"id":530,"maker":"Mercedes-Benz","model":"SLK-Class","year":2008},
{"id":531,"maker":"Land Rover","model":"Range Rover","year":2002},
{"id":532,"maker":"Jeep","model":"Wrangler","year":1992},
{"id":533,"maker":"BMW","model":"7 Series","year":2007},
{"id":534,"maker":"Volkswagen","model":"Beetle","year":1967},
{"id":535,"maker":"Dodge","model":"Ram 2500","year":1995},
{"id":536,"maker":"Cadillac","model":"DeVille","year":1998},
{"id":537,"maker":"Mitsubishi","model":"Galant","year":1987},
{"id":538,"maker":"Chrysler","model":"Concorde","year":1993},
{"id":539,"maker":"Porsche","model":"911","year":1995},
{"id":540,"maker":"Cadillac","model":"Escalade ESV","year":2010},
{"id":541,"maker":"Mercury","model":"Grand Marquis","year":2004},
{"id":542,"maker":"Volkswagen","model":"Type 2","year":1990},
{"id":543,"maker":"Mitsubishi","model":"Lancer Evolution","year":2003},
{"id":544,"maker":"Lincoln","model":"Town Car","year":2006},
{"id":545,"maker":"Subaru","model":"Forester","year":2004},
{"id":546,"maker":"Mercedes-Benz","model":"C-Class","year":2000},
{"id":547,"maker":"Subaru","model":"Baja","year":2004},
{"id":548,"maker":"Cadillac","model":"Seville","year":1994},
{"id":549,"maker":"Volkswagen","model":"Passat","year":2010},
{"id":550,"maker":"Audi","model":"90","year":1994},
{"id":551,"maker":"Subaru","model":"Legacy","year":2010},
{"id":552,"maker":"Ford","model":"Fairlane","year":1966},
{"id":553,"maker":"Audi","model":"A3","year":2006},
{"id":554,"maker":"Mitsubishi","model":"Galant","year":1996},
{"id":555,"maker":"Volkswagen","model":"GLI","year":2008},
{"id":556,"maker":"Mercedes-Benz","model":"SL-Class","year":1984},
{"id":557,"maker":"Oldsmobile","model":"Silhouette","year":1994},
{"id":558,"maker":"Lexus","model":"RX","year":2013},
{"id":559,"maker":"Nissan","model":"200SX","year":1996},
{"id":560,"maker":"Pontiac","model":"Grand Prix","year":1996},
{"id":561,"maker":"Mercedes-Benz","model":"G-Class","year":2007},
{"id":562,"maker":"Honda","model":"Prelude","year":1993},
{"id":563,"maker":"Scion","model":"tC","year":2012},
{"id":564,"maker":"Toyota","model":"Land Cruiser","year":2005},
{"id":565,"maker":"Chevrolet","model":"Camaro","year":1995},
{"id":566,"maker":"GMC","model":"Sierra 1500","year":1999},
{"id":567,"maker":"Audi","model":"A4","year":2006},
{"id":568,"maker":"Scion","model":"xD","year":2010},
{"id":569,"maker":"Hyundai","model":"Tiburon","year":1999},
{"id":570,"maker":"Mitsubishi","model":"Truck","year":1992},
{"id":571,"maker":"Toyota","model":"Venza","year":2009},
{"id":572,"maker":"Pontiac","model":"LeMans","year":1968},
{"id":573,"maker":"Maybach","model":"62","year":2010},
{"id":574,"maker":"Ford","model":"Crown Victoria","year":2005},
{"id":575,"maker":"Pontiac","model":"Grand Prix","year":1983},
{"id":576,"maker":"Subaru","model":"Legacy","year":2010},
{"id":577,"maker":"Dodge","model":"Ram 3500","year":2005},
{"id":578,"maker":"Audi","model":"A5","year":2010},
{"id":579,"maker":"Porsche","model":"944","year":1985},
{"id":580,"maker":"Toyota","model":"Solara","year":2006},
{"id":581,"maker":"Nissan","model":"Rogue","year":2010},
{"id":582,"maker":"Audi","model":"100","year":1990},
{"id":583,"maker":"Jeep","model":"Patriot","year":2008},
{"id":584,"maker":"Nissan","model":"Sentra","year":2002},
{"id":585,"maker":"Ford","model":"E150","year":2012},
{"id":586,"maker":"BMW","model":"5 Series","year":2002},
{"id":587,"maker":"Toyota","model":"T100","year":1994},
{"id":588,"maker":"Chevrolet","model":"3500","year":1999},
{"id":589,"maker":"Dodge","model":"Ram 1500","year":2009},
{"id":590,"maker":"Chevrolet","model":"Cruze","year":2013},
{"id":591,"maker":"Acura","model":"RDX","year":2010},
{"id":592,"maker":"Acura","model":"TL","year":2007},
{"id":593,"maker":"Volkswagen","model":"Jetta","year":1989},
{"id":594,"maker":"Ford","model":"F350","year":2008},
{"id":595,"maker":"Cadillac","model":"Escalade ESV","year":2004},
{"id":596,"maker":"Maserati","model":"Quattroporte","year":1984},
{"id":597,"maker":"Land Rover","model":"Discovery","year":2001},
{"id":598,"maker":"Mercury","model":"Cougar","year":1992},
{"id":599,"maker":"Lexus","model":"ES","year":2000},
{"id":600,"maker":"Toyota","model":"Truck Xtracab SR5","year":1989},
{"id":601,"maker":"Toyota","model":"Matrix","year":2005},
{"id":602,"maker":"Eagle","model":"Summit","year":1992},
{"id":603,"maker":"Ford","model":"Tempo","year":1988},
{"id":604,"maker":"Dodge","model":"D150","year":1993},
{"id":605,"maker":"Pontiac","model":"GTO","year":1968},
{"id":606,"maker":"Honda","model":"Prelude","year":1986},
{"id":607,"maker":"Chevrolet","model":"Silverado 3500","year":2003},
{"id":608,"maker":"Porsche","model":"944","year":1991},
{"id":609,"maker":"Pontiac","model":"Sunbird","year":1991},
{"id":610,"maker":"Chevrolet","model":"Corvette","year":1964},
{"id":611,"maker":"Smart","model":"Fortwo","year":2010},
{"id":612,"maker":"Mazda","model":"RX-7","year":1991},
{"id":613,"maker":"Toyota","model":"Paseo","year":1994},
{"id":614,"maker":"Mercedes-Benz","model":"SL-Class","year":2004},
{"id":615,"maker":"Ford","model":"Mustang","year":1964},
{"id":616,"maker":"Audi","model":"A3","year":2008},
{"id":617,"maker":"Chevrolet","model":"Silverado 1500","year":2007},
{"id":618,"maker":"Chrysler","model":"Voyager","year":2000},
{"id":619,"maker":"Ford","model":"ZX2","year":2001},
{"id":620,"maker":"GMC","model":"Savana 3500","year":1996},
{"id":621,"maker":"Lexus","model":"GS","year":2007},
{"id":622,"maker":"Buick","model":"LeSabre","year":1991},
{"id":623,"maker":"Volkswagen","model":"Jetta III","year":1993},
{"id":624,"maker":"Volvo","model":"S80","year":2006},
{"id":625,"maker":"Dodge","model":"Ram Van 2500","year":1998},
{"id":626,"maker":"Pontiac","model":"Grand Prix","year":1997},
{"id":627,"maker":"Volvo","model":"V70","year":2008},
{"id":628,"maker":"Dodge","model":"Dakota","year":2003},
{"id":629,"maker":"Hyundai","model":"Tiburon","year":2008},
{"id":630,"maker":"Volvo","model":"850","year":1993},
{"id":631,"maker":"Chevrolet","model":"Malibu","year":2006},
{"id":632,"maker":"Chrysler","model":"LHS","year":2001},
{"id":633,"maker":"Kia","model":"Sorento","year":2011},
{"id":634,"maker":"Infiniti","model":"QX","year":1998},
{"id":635,"maker":"GMC","model":"Sierra 1500","year":2006},
{"id":636,"maker":"Volkswagen","model":"Passat","year":2002},
{"id":637,"maker":"Nissan","model":"Sentra","year":1992},
{"id":638,"maker":"Mitsubishi","model":"Mirage","year":1991},
{"id":639,"maker":"Toyota","model":"Tacoma","year":2000},
{"id":640,"maker":"Pontiac","model":"G5","year":2009},
{"id":641,"maker":"Chrysler","model":"PT Cruiser","year":2007},
{"id":642,"maker":"Mazda","model":"MPV","year":2005},
{"id":643,"maker":"Lotus","model":"Esprit Turbo","year":1984},
{"id":644,"maker":"Chevrolet","model":"Express 1500","year":2000},
{"id":645,"maker":"Lexus","model":"LX","year":2007},
{"id":646,"maker":"Chevrolet","model":"Uplander","year":2005},
{"id":647,"maker":"Maybach","model":"57","year":2008},
{"id":648,"maker":"Honda","model":"Civic","year":1998},
{"id":649,"maker":"Acura","model":"Integra","year":1999},
{"id":650,"maker":"Ford","model":"Explorer","year":2009},
{"id":651,"maker":"Mitsubishi","model":"Mirage","year":1986},
{"id":652,"maker":"GMC","model":"Savana 2500","year":2009},
{"id":653,"maker":"Cadillac","model":"XLR-V","year":2007},
{"id":654,"maker":"Volvo","model":"S40","year":2009},
{"id":655,"maker":"Dodge","model":"Ram 3500","year":2010},
{"id":656,"maker":"Toyota","model":"MR2","year":1992},
{"id":657,"maker":"Aston Martin","model":"V8 Vantage","year":2009},
{"id":658,"maker":"Ford","model":"Bronco","year":1996},
{"id":659,"maker":"Isuzu","model":"Axiom","year":2003},
{"id":660,"maker":"Acura","model":"Vigor","year":1994},
{"id":661,"maker":"Pontiac","model":"Sunbird","year":1984},
{"id":662,"maker":"Toyota","model":"Celica","year":2004},
{"id":663,"maker":"Hyundai","model":"Tucson","year":2006},
{"id":664,"maker":"BMW","model":"M","year":2000},
{"id":665,"maker":"Cadillac","model":"DeVille","year":2002},
{"id":666,"maker":"Ford","model":"F150","year":2008},
{"id":667,"maker":"Mercedes-Benz","model":"CLS-Class","year":2009},
{"id":668,"maker":"Cadillac","model":"Eldorado","year":2002},
{"id":669,"maker":"Acura","model":"CL","year":2001},
{"id":670,"maker":"Cadillac","model":"Eldorado","year":1994},
{"id":671,"maker":"Dodge","model":"Viper","year":2006},
{"id":672,"maker":"Chrysler","model":"Town & Country","year":2000},
{"id":673,"maker":"GMC","model":"Sierra Denali","year":2006},
{"id":674,"maker":"Infiniti","model":"Q","year":1992},
{"id":675,"maker":"Ford","model":"Econoline E250","year":2002},
{"id":676,"maker":"Mitsubishi","model":"Montero","year":1994},
{"id":677,"maker":"Mercedes-Benz","model":"S-Class","year":1986},
{"id":678,"maker":"Honda","model":"Element","year":2011},
{"id":679,"maker":"Dodge","model":"Ram","year":2003},
{"id":680,"maker":"Acura","model":"NSX","year":2000},
{"id":681,"maker":"Volkswagen","model":"Touareg","year":2004},
{"id":682,"maker":"Alfa Romeo","model":"Spider","year":1992},
{"id":683,"maker":"Ford","model":"Mustang","year":2002},
{"id":684,"maker":"Chrysler","model":"Town & Country","year":2012},
{"id":685,"maker":"GMC","model":"Canyon","year":2008},
{"id":686,"maker":"Chevrolet","model":"Corvette","year":1956},
{"id":687,"maker":"Bentley","model":"Continental Flying Spur","year":2011},
{"id":688,"maker":"Suzuki","model":"SJ 410","year":1984},
{"id":689,"maker":"Mercury","model":"Topaz","year":1985},
{"id":690,"maker":"Ford","model":"E-Series","year":2001},
{"id":691,"maker":"Dodge","model":"Ram 3500","year":2007},
{"id":692,"maker":"Jeep","model":"Cherokee","year":1997},
{"id":693,"maker":"Lexus","model":"SC","year":1995},
{"id":694,"maker":"Buick","model":"Century","year":2002},
{"id":695,"maker":"Lincoln","model":"Town Car","year":1994},
{"id":696,"maker":"Mazda","model":"Navajo","year":1994},
{"id":697,"maker":"Lamborghini","model":"Gallardo","year":2009},
{"id":698,"maker":"Ford","model":"Club Wagon","year":1996},
{"id":699,"maker":"Mitsubishi","model":"Outlander","year":2008},
{"id":700,"maker":"Ferrari","model":"612 Scaglietti","year":2008},
{"id":701,"maker":"Volkswagen","model":"Passat","year":2005},
{"id":702,"maker":"Pontiac","model":"Grand Prix","year":1971},
{"id":703,"maker":"GMC","model":"Rally Wagon G3500","year":1996},
{"id":704,"maker":"Maserati","model":"Quattroporte","year":2010},
{"id":705,"maker":"Volkswagen","model":"Corrado","year":1990},
{"id":706,"maker":"Volkswagen","model":"GTI","year":2005},
{"id":707,"maker":"Ford","model":"Fiesta","year":2012},
{"id":708,"maker":"Bentley","model":"Mulsanne","year":2012},
{"id":709,"maker":"Maybach","model":"57","year":2009},
{"id":710,"maker":"Pontiac","model":"Grand Prix Turbo","year":1990},
{"id":711,"maker":"Mercedes-Benz","model":"SLR McLaren","year":2009},
{"id":712,"maker":"Ford","model":"Excursion","year":2004},
{"id":713,"maker":"Bentley","model":"Continental Super","year":2012},
{"id":714,"maker":"Ford","model":"Explorer","year":1993},
{"id":715,"maker":"Mazda","model":"Tribute","year":2001},
{"id":716,"maker":"Chevrolet","model":"Uplander","year":2008},
{"id":717,"maker":"Mercedes-Benz","model":"GLK-Class","year":2010},
{"id":718,"maker":"Pontiac","model":"6000","year":1987},
{"id":719,"maker":"Hyundai","model":"Veracruz","year":2012},
{"id":720,"maker":"Mercury","model":"Grand Marquis","year":2010},
{"id":721,"maker":"Honda","model":"Civic","year":1992},
{"id":722,"maker":"Daewoo","model":"Leganza","year":2000},
{"id":723,"maker":"Chevrolet","model":"Suburban 1500","year":2010},
{"id":724,"maker":"Ford","model":"E-Series","year":2002},
{"id":725,"maker":"Volkswagen","model":"Passat","year":1993},
{"id":726,"maker":"BMW","model":"3 Series","year":2007},
{"id":727,"maker":"Scion","model":"xB","year":2009},
{"id":728,"maker":"Chevrolet","model":"Blazer","year":2005},
{"id":729,"maker":"Volkswagen","model":"GTI","year":1993},
{"id":730,"maker":"Chrysler","model":"Cirrus","year":1996},
{"id":731,"maker":"Volkswagen","model":"Scirocco","year":1988},
{"id":732,"maker":"Hyundai","model":"Scoupe","year":1995},
{"id":733,"maker":"Nissan","model":"Altima","year":1994},
{"id":734,"maker":"Nissan","model":"Altima","year":2007},
{"id":735,"maker":"Buick","model":"Park Avenue","year":1997},
{"id":736,"maker":"GMC","model":"2500","year":1995},
{"id":737,"maker":"Volvo","model":"S60","year":2003},
{"id":738,"maker":"Mitsubishi","model":"Mirage","year":1993},
{"id":739,"maker":"Scion","model":"iQ","year":2012},
{"id":740,"maker":"Mercury","model":"Mountaineer","year":2007},
{"id":741,"maker":"Mercedes-Benz","model":"C-Class","year":2011},
{"id":742,"maker":"Volkswagen","model":"Golf","year":1988},
{"id":743,"maker":"Mitsubishi","model":"Mirage","year":1992},
{"id":744,"maker":"Volkswagen","model":"Golf","year":1998},
{"id":745,"maker":"Mazda","model":"MX-5","year":1993},
{"id":746,"maker":"Bentley","model":"Continental Super","year":2012},
{"id":747,"maker":"Mercury","model":"Grand Marquis","year":1997},
{"id":748,"maker":"Kia","model":"Forte","year":2010},
{"id":749,"maker":"Mitsubishi","model":"Eclipse","year":2008},
{"id":750,"maker":"Chevrolet","model":"G-Series G20","year":1995},
{"id":751,"maker":"Volkswagen","model":"Tiguan","year":2009},
{"id":752,"maker":"Honda","model":"Fit","year":2010},
{"id":753,"maker":"Saab","model":"9-2X","year":2006},
{"id":754,"maker":"Audi","model":"A4","year":2001},
{"id":755,"maker":"Oldsmobile","model":"Aurora","year":2003},
{"id":756,"maker":"Dodge","model":"Ram 3500","year":2004},
{"id":757,"maker":"Ford","model":"Windstar","year":1997},
{"id":758,"maker":"Toyota","model":"Sequoia","year":2007},
{"id":759,"maker":"Jeep","model":"Grand Cherokee","year":1996},
{"id":760,"maker":"Dodge","model":"Ram","year":2008},
{"id":761,"maker":"Pontiac","model":"Sunbird","year":1985},
{"id":762,"maker":"Dodge","model":"Ram 2500","year":1998},
{"id":763,"maker":"Porsche","model":"Carrera GT","year":2005},
{"id":764,"maker":"Porsche","model":"Cayman","year":2006},
{"id":765,"maker":"Mercedes-Benz","model":"C-Class","year":1995},
{"id":766,"maker":"Pontiac","model":"Firebird","year":1986},
{"id":767,"maker":"Jaguar","model":"XK","year":2006},
{"id":768,"maker":"Lexus","model":"SC","year":1998},
{"id":769,"maker":"Mitsubishi","model":"Truck","year":1985},
{"id":770,"maker":"Jeep","model":"Wrangler","year":1998},
{"id":771,"maker":"Infiniti","model":"QX","year":2001},
{"id":772,"maker":"Saab","model":"9-5","year":2009},
{"id":773,"maker":"Chevrolet","model":"Silverado 2500","year":2009},
{"id":774,"maker":"Chrysler","model":"Concorde","year":1997},
{"id":775,"maker":"Mazda","model":"Mazda6","year":2011},
{"id":776,"maker":"Ford","model":"Escort","year":1985},
{"id":777,"maker":"Chrysler","model":"Town & Country","year":2001},
{"id":778,"maker":"Mitsubishi","model":"Montero","year":1992},
{"id":779,"maker":"Dodge","model":"Ram 3500","year":2009},
{"id":780,"maker":"Subaru","model":"Tribeca","year":2010},
{"id":781,"maker":"Buick","model":"Riviera","year":1989},
{"id":782,"maker":"Buick","model":"LeSabre","year":1999},
{"id":783,"maker":"Mercedes-Benz","model":"SLS AMG","year":2012},
{"id":784,"maker":"Audi","model":"A4","year":2007},
{"id":785,"maker":"Jeep","model":"Grand Cherokee","year":2005},
{"id":786,"maker":"Kia","model":"Sportage","year":1996},
{"id":787,"maker":"Buick","model":"Electra","year":1986},
{"id":788,"maker":"Audi","model":"Cabriolet","year":1998},
{"id":789,"maker":"Toyota","model":"Land Cruiser","year":1998},
{"id":790,"maker":"Hyundai","model":"Excel","year":1993},
{"id":791,"maker":"Porsche","model":"944","year":1983},
{"id":792,"maker":"Ford","model":"Ranger","year":1998},
{"id":793,"maker":"Toyota","model":"4Runner","year":2011},
{"id":794,"maker":"Mazda","model":"Miata MX-5","year":2001},
{"id":795,"maker":"Jeep","model":"Liberty","year":2005},
{"id":796,"maker":"Acura","model":"NSX","year":1992},
{"id":797,"maker":"Mazda","model":"Mazda5","year":2010},
{"id":798,"maker":"Dodge","model":"Nitro","year":2008},
{"id":799,"maker":"GMC","model":"Yukon Denali","year":2000},
{"id":800,"maker":"Chevrolet","model":"Express 1500","year":2012},
{"id":801,"maker":"Aston Martin","model":"DB9","year":2008},
{"id":802,"maker":"GMC","model":"Savana 3500","year":2007},
{"id":803,"maker":"Honda","model":"Element","year":2011},
{"id":804,"maker":"Nissan","model":"Versa","year":2011},
{"id":805,"maker":"BMW","model":"8 Series","year":1992},
{"id":806,"maker":"Ford","model":"Bronco","year":1987},
{"id":807,"maker":"Spyker","model":"C8 Laviolette","year":2004},
{"id":808,"maker":"Daewoo","model":"Leganza","year":2001},
{"id":809,"maker":"Lotus","model":"Esprit Turbo","year":1984},
{"id":810,"maker":"Mercedes-Benz","model":"400E","year":1992},
{"id":811,"maker":"Oldsmobile","model":"88","year":1993},
{"id":812,"maker":"Infiniti","model":"I","year":1998},
{"id":813,"maker":"Buick","model":"Regal","year":1999},
{"id":814,"maker":"Hyundai","model":"Sonata","year":2007},
{"id":815,"maker":"Mazda","model":"RX-8","year":2005},
{"id":816,"maker":"Spyker","model":"C8","year":2006},
{"id":817,"maker":"Mitsubishi","model":"Starion","year":1985},
{"id":818,"maker":"Honda","model":"Element","year":2008},
{"id":819,"maker":"Lexus","model":"ES","year":2001},
{"id":820,"maker":"Honda","model":"Fit","year":2009},
{"id":821,"maker":"Ford","model":"F150","year":2006},
{"id":822,"maker":"Mercury","model":"Cougar","year":1968},
{"id":823,"maker":"Daewoo","model":"Leganza","year":2000},
{"id":824,"maker":"Nissan","model":"Maxima","year":2000},
{"id":825,"maker":"Infiniti","model":"QX","year":2000},
{"id":826,"maker":"Pontiac","model":"Bonneville","year":1984},
{"id":827,"maker":"Cadillac","model":"Escalade EXT","year":2008},
{"id":828,"maker":"Mazda","model":"RX-7","year":1984},
{"id":829,"maker":"Oldsmobile","model":"Aurora","year":1996},
{"id":830,"maker":"Ferrari","model":"458 Italia","year":2010},
{"id":831,"maker":"Chevrolet","model":"Tahoe","year":2002},
{"id":832,"maker":"Kia","model":"Forte","year":2010},
{"id":833,"maker":"Mercury","model":"Grand Marquis","year":1996},
{"id":834,"maker":"Scion","model":"xD","year":2008},
{"id":835,"maker":"Chevrolet","model":"Malibu","year":2000},
{"id":836,"maker":"Dodge","model":"Caliber","year":2012},
{"id":837,"maker":"Chevrolet","model":"SSR","year":2006},
{"id":838,"maker":"Mercedes-Benz","model":"300SD","year":1992},
{"id":839,"maker":"Chevrolet","model":"Sportvan G20","year":1993},
{"id":840,"maker":"Audi","model":"A8","year":1998},
{"id":841,"maker":"Buick","model":"Reatta","year":1990},
{"id":842,"maker":"Chevrolet","model":"Express 1500","year":2004},
{"id":843,"maker":"Hyundai","model":"Excel","year":1992},
{"id":844,"maker":"Audi","model":"S4","year":2006},
{"id":845,"maker":"Chevrolet","model":"Camaro","year":1998},
{"id":846,"maker":"Toyota","model":"Celica","year":2004},
{"id":847,"maker":"Ford","model":"Explorer Sport Trac","year":2006},
{"id":848,"maker":"Ford","model":"Mustang","year":1964},
{"id":849,"maker":"Ford","model":"Thunderbird","year":1986},
{"id":850,"maker":"Chrysler","model":"Voyager","year":2000},
{"id":851,"maker":"BMW","model":"7 Series","year":2011},
{"id":852,"maker":"Toyota","model":"Avalon","year":2004},
{"id":853,"maker":"Dodge","model":"Grand Caravan","year":2002},
{"id":854,"maker":"Saab","model":"900","year":1989},
{"id":855,"maker":"Saab","model":"9-3","year":1999},
{"id":856,"maker":"Dodge","model":"Grand Caravan","year":2005},
{"id":857,"maker":"Toyota","model":"Tacoma","year":2009},
{"id":858,"maker":"Toyota","model":"Tacoma Xtra","year":2000},
{"id":859,"maker":"Chevrolet","model":"HHR","year":2007},
{"id":860,"maker":"Mazda","model":"B-Series Plus","year":1999},
{"id":861,"maker":"Oldsmobile","model":"Alero","year":1999},
{"id":862,"maker":"Chevrolet","model":"Silverado 1500","year":1999},
{"id":863,"maker":"Lamborghini","model":"Diablo","year":2001},
{"id":864,"maker":"Chrysler","model":"Town & Country","year":1993},
{"id":865,"maker":"Chevrolet","model":"Prizm","year":2002},
{"id":866,"maker":"Mitsubishi","model":"Truck","year":1992},
{"id":867,"maker":"Mercedes-Benz","model":"Sprinter 2500","year":2012},
{"id":868,"maker":"Chevrolet","model":"Tahoe","year":2002},
{"id":869,"maker":"Kia","model":"Rio","year":2006},
{"id":870,"maker":"Volkswagen","model":"Golf","year":1989},
{"id":871,"maker":"Acura","model":"RSX","year":2003},
{"id":872,"maker":"Chevrolet","model":"Corvette","year":1970},
{"id":873,"maker":"Lexus","model":"ES","year":1999},
{"id":874,"maker":"GMC","model":"Sierra 3500","year":2006},
{"id":875,"maker":"Smart","model":"Fortwo","year":2010},
{"id":876,"maker":"Maserati","model":"430","year":1989},
{"id":877,"maker":"Maybach","model":"Landaulet","year":2011},
{"id":878,"maker":"Dodge","model":"Colt","year":1992},
{"id":879,"maker":"Ford","model":"Bronco II","year":1984},
{"id":880,"maker":"Ford","model":"Mustang","year":1969},
{"id":881,"maker":"Honda","model":"Odyssey","year":2010},
{"id":882,"maker":"Chevrolet","model":"Vega","year":1971},
{"id":883,"maker":"Ford","model":"F350","year":1999},
{"id":884,"maker":"Volkswagen","model":"Eurovan","year":2000},
{"id":885,"maker":"BMW","model":"7 Series","year":2009},
{"id":886,"maker":"Mazda","model":"B-Series","year":1998},
{"id":887,"maker":"Audi","model":"TT","year":2004},
{"id":888,"maker":"Mitsubishi","model":"Pajero","year":1985},
{"id":889,"maker":"Pontiac","model":"Bonneville","year":1987},
{"id":890,"maker":"Audi","model":"A4","year":1998},
{"id":891,"maker":"Cadillac","model":"DeVille","year":1994},
{"id":892,"maker":"Lotus","model":"Esprit","year":1988},
{"id":893,"maker":"BMW","model":"760","year":2003},
{"id":894,"maker":"Jaguar","model":"XK Series","year":2001},
{"id":895,"maker":"Volvo","model":"S40","year":2006},
{"id":896,"maker":"Hummer","model":"H2","year":2003},
{"id":897,"maker":"Jaguar","model":"XJ Series","year":1997},
{"id":898,"maker":"Ford","model":"Taurus","year":2004},
{"id":899,"maker":"Lexus","model":"LS","year":2005},
{"id":900,"maker":"Hyundai","model":"XG350","year":2005},
{"id":901,"maker":"BMW","model":"7 Series","year":1998},
{"id":902,"maker":"Lamborghini","model":"Murciélago","year":2007},
{"id":903,"maker":"Cadillac","model":"SRX","year":2011},
{"id":904,"maker":"Ford","model":"F250","year":2011},
{"id":905,"maker":"Toyota","model":"Land Cruiser","year":2003},
{"id":906,"maker":"Nissan","model":"Pathfinder","year":2012},
{"id":907,"maker":"GMC","model":"Envoy","year":2005},
{"id":908,"maker":"Mitsubishi","model":"Excel","year":1987},
{"id":909,"maker":"Mercedes-Benz","model":"SL-Class","year":1994},
{"id":910,"maker":"Mercury","model":"Capri","year":1994},
{"id":911,"maker":"Infiniti","model":"G35","year":2007},
{"id":912,"maker":"Maserati","model":"Quattroporte","year":2007},
{"id":913,"maker":"Jeep","model":"Grand Cherokee","year":1994},
{"id":914,"maker":"Land Rover","model":"LR2","year":2011},
{"id":915,"maker":"Maserati","model":"Spyder","year":2002},
{"id":916,"maker":"Buick","model":"Coachbuilder","year":1994},
{"id":917,"maker":"Honda","model":"Fit","year":2012},
{"id":918,"maker":"Pontiac","model":"Sunbird","year":1990},
{"id":919,"maker":"Ford","model":"Contour","year":1998},
{"id":920,"maker":"Subaru","model":"Outback","year":2002},
{"id":921,"maker":"Infiniti","model":"G","year":2006},
{"id":922,"maker":"Acura","model":"RL","year":2000},
{"id":923,"maker":"Maybach","model":"62","year":2003},
{"id":924,"maker":"Chevrolet","model":"Silverado 3500","year":2004},
{"id":925,"maker":"Maybach","model":"Landaulet","year":2009},
{"id":926,"maker":"Honda","model":"Ridgeline","year":2009},
{"id":927,"maker":"Mitsubishi","model":"Eclipse","year":2010},
{"id":928,"maker":"Audi","model":"80","year":1992},
{"id":929,"maker":"Chevrolet","model":"HHR","year":2007},
{"id":930,"maker":"Audi","model":"80","year":1991},
{"id":931,"maker":"GMC","model":"Yukon","year":1995},
{"id":932,"maker":"Ford","model":"F250","year":1984},
{"id":933,"maker":"Chrysler","model":"200","year":2011},
{"id":934,"maker":"Chrysler","model":"Pacifica","year":2008},
{"id":935,"maker":"Mercedes-Benz","model":"W201","year":1987},
{"id":936,"maker":"GMC","model":"Savana 2500","year":1999},
{"id":937,"maker":"Hyundai","model":"Elantra","year":2013},
{"id":938,"maker":"Ford","model":"Explorer","year":2009},
{"id":939,"maker":"Lexus","model":"LS Hybrid","year":2011},
{"id":940,"maker":"Pontiac","model":"Grand Prix","year":1964},
{"id":941,"maker":"Chevrolet","model":"Suburban 1500","year":2005},
{"id":942,"maker":"BMW","model":"6 Series","year":2010},
{"id":943,"maker":"GMC","model":"Vandura 1500","year":1994},
{"id":944,"maker":"Chevrolet","model":"Lumina","year":1997},
{"id":945,"maker":"Ford","model":"Explorer Sport Trac","year":2009},
{"id":946,"maker":"Mitsubishi","model":"GTO","year":1990},
{"id":947,"maker":"Mitsubishi","model":"Cordia","year":1988},
{"id":948,"maker":"Cadillac","model":"Escalade ESV","year":2005},
{"id":949,"maker":"Ford","model":"Explorer Sport Trac","year":2009},
{"id":950,"maker":"Ford","model":"Windstar","year":2001},
{"id":951,"maker":"Toyota","model":"Sequoia","year":2003},
{"id":952,"maker":"Mercury","model":"Mystique","year":2000},
{"id":953,"maker":"Maserati","model":"430","year":1990},
{"id":954,"maker":"Buick","model":"Lucerne","year":2006},
{"id":955,"maker":"GMC","model":"Jimmy","year":1994},
{"id":956,"maker":"Honda","model":"Accord","year":1993},
{"id":957,"maker":"GMC","model":"Savana 3500","year":2011},
{"id":958,"maker":"Land Rover","model":"LR2","year":2008},
{"id":959,"maker":"Mazda","model":"B-Series","year":2004},
{"id":960,"maker":"Aston Martin","model":"V8 Vantage","year":2008},
{"id":961,"maker":"BMW","model":"X5 M","year":2013},
{"id":962,"maker":"Toyota","model":"Corolla","year":2009},
{"id":963,"maker":"GMC","model":"Savana","year":2010},
{"id":964,"maker":"Ford","model":"Focus","year":2006},
{"id":965,"maker":"Infiniti","model":"G25","year":2012},
{"id":966,"maker":"Audi","model":"90","year":1990},
{"id":967,"maker":"Porsche","model":"911","year":2001},
{"id":968,"maker":"Audi","model":"R8","year":2012},
{"id":969,"maker":"Ford","model":"Crown Victoria","year":1998},
{"id":970,"maker":"Honda","model":"Accord","year":1989},
{"id":971,"maker":"Audi","model":"4000s Quattro","year":1986},
{"id":972,"maker":"Dodge","model":"Durango","year":2012},
{"id":973,"maker":"Pontiac","model":"Firebird","year":1996},
{"id":974,"maker":"Ford","model":"Windstar","year":1996},
{"id":975,"maker":"Mercury","model":"Grand Marquis","year":1985},
{"id":976,"maker":"Ford","model":"Mustang","year":1966},
{"id":977,"maker":"Lamborghini","model":"Murciélago","year":2010},
{"id":978,"maker":"Bentley","model":"Mulsanne","year":2011},
{"id":979,"maker":"Volvo","model":"C70","year":2010},
{"id":980,"maker":"Ford","model":"Mustang","year":1985},
{"id":981,"maker":"GMC","model":"Sierra 2500","year":2000},
{"id":982,"maker":"Ford","model":"F-250 Super Duty","year":2006},
{"id":983,"maker":"Mitsubishi","model":"Mirage","year":1984},
{"id":984,"maker":"Chevrolet","model":"Corvette","year":1988},
{"id":985,"maker":"Ford","model":"Thunderbird","year":2002},
{"id":986,"maker":"Ford","model":"Mustang","year":1990},
{"id":987,"maker":"Buick","model":"Skylark","year":1995},
{"id":988,"maker":"Chevrolet","model":"Silverado","year":2007},
{"id":989,"maker":"Chrysler","model":"Town & Country","year":1999},
{"id":990,"maker":"Subaru","model":"Impreza","year":2010},
{"id":991,"maker":"Chevrolet","model":"Camaro","year":1972},
{"id":992,"maker":"Mazda","model":"MPV","year":1997},
{"id":993,"maker":"Audi","model":"Q5","year":2009},
{"id":994,"maker":"Lotus","model":"Elise","year":2007},
{"id":995,"maker":"Infiniti","model":"G","year":1999},
{"id":996,"maker":"Lotus","model":"Elise","year":2008},
{"id":997,"maker":"Acura","model":"NSX","year":1999},
{"id":998,"maker":"Hyundai","model":"Tiburon","year":2001},
{"id":999,"maker":"Suzuki","model":"Forenza","year":2005},
{"id":1000,"maker":"Porsche","model":"911","year":2007}]